timestamp,no2_ug_m3,intensity_hrl,intensity_hrr,intensity_vwd,intensity_vwa,total_intensity_veh_per_hr,hour_of_day,n_samples
2026-10-01T10:00:00+00:00,22.68,1663.6,1467.3,441.8,256.4,3829.1,11,44
2026-10-01T11:00:00+00:00,23.08,1380.0,1777.5,420.0,255.0,3832.5,12,32
2026-10-01T12:00:00+00:00,21.92,1640.0,1510.0,340.0,260.0,3750.0,13,24
2026-10-01T13:00:00+00:00,16.21,2260.0,1560.0,380.0,290.0,4490.0,14,24
2026-10-01T14:00:00+00:00,18.2,1960.0,2200.0,520.0,320.0,5000.0,15,24
2026-10-01T15:00:00+00:00,18.41,1660.0,2060.0,600.0,440.0,4760.0,16,24
2026-10-01T16:00:00+00:00,15.45,2230.0,1920.0,540.0,390.0,5080.0,17,24
2026-10-01T17:00:00+00:00,17.07,2130.0,1250.0,260.0,440.0,4080.0,18,24
2026-10-01T18:00:00+00:00,12.25,1730.0,1260.0,260.0,200.0,3450.0,19,24
2026-10-01T19:00:00+00:00,40.17,1240.0,1110.0,160.0,120.0,2630.0,20,24
2026-10-01T20:00:00+00:00,36.78,640.0,780.0,240.0,170.0,1830.0,21,24
